[{"model": "users.user", "pk": 1, "fields": {"password": "pbkdf2_sha256$216000$td9u9kOoqcgl$1GCnv9Gl9r3+xSDzTjPpbwhsjid0w13u3B8V3LhnygQ=", "last_login": "2024-05-08T02:37:06.354Z", "is_superuser": true, "username": "admin", "first_name": "", "last_name": "", "email": "admin@example.com", "is_staff": true, "is_active": true, "date_joined": "2024-05-08T02:36:43.994Z", "name": "", "expected_grad_year": 2027, "expected_grad_term": "SPRING", "file": "", "groups": [], "user_permissions": [], "curriculums": [3, 4, 5, 6]}}, {"model": "users.usercourse", "pk": 217, "fields": {"user": 1, "code": "BIO 140", "credits": 0, "grade": "CR"}}, {"model": "users.usercourse", "pk": 218, "fields": {"user": 1, "code": "BUS OOO", "credits": 0, "grade": "CR"}}, {"model": "users.usercourse", "pk": 219, "fields": {"user": 1, "code": "CHEM 132", "credits": 0, "grade": "CR"}}, {"model": "users.usercourse", "pk": 220, "fields": {"user": 1, "code": "CHEM 132", "credits": 0, "grade": "CR"}}, {"model": "users.usercourse", "pk": 221, "fields": {"user": 1, "code": "CHEM 131", "credits": 0, "grade": "CR"}}, {"model": "users.usercourse", "pk": 222, "fields": {"user": 1, "code": "CHEM 131", "credits": 0, "grade": "CR"}}, {"model": "users.usercourse", "pk": 223, "fields": {"user": 1, "code": "CIS 221", "credits": 0, "grade": "CR"}}, {"model": "users.usercourse", "pk": 224, "fields": {"user": 1, "code": "CIS OOO", "credits": 0, "grade": "CR"}}, {"model": "users.usercourse", "pk": 225, "fields": {"user": 1, "code": "ENG OOO", "credits": 0, "grade": "CR"}}, {"model": "users.usercourse", "pk": 226, "fields": {"user": 1, "code": "ENG 236", "credits": 0, "grade": "CR"}}, {"model": "users.usercourse", "pk": 227, "fields": {"user": 1, "code": "HIST 225", "credits": 0, "grade": "CR"}}, {"model": "users.usercourse", "pk": 228, "fields": {"user": 1, "code": "HIST OOO", "credits": 0, "grade": "CR"}}, {"model": "users.usercourse", "pk": 229, "fields": {"user": 1, "code": "HIST 202", "credits": 0, "grade": "CR"}}, {"model": "users.usercourse", "pk": 230, "fields": {"user": 1, "code": "HIST 201", "credits": 0, "grade": "CR"}}, {"model": "users.usercourse", "pk": 231, "fields": {"user": 1, "code": "HTH 204", "credits": 0, "grade": "CR"}}, {"model": "users.usercourse", "pk": 232, "fields": {"user": 1, "code": "HUM 200", "credits": 0, "grade": "CR"}}, {"model": "users.usercourse", "pk": 233, "fields": {"user": 1, "code": "HUM 200", "credits": 0, "grade": "CR"}}, {"model": "users.usercourse", "pk": 234, "fields": {"user": 1, "code": "ISCI 101", "credits": 0, "grade": "CR"}}, {"model": "users.usercourse", "pk": 235, "fields": {"user": 1, "code": "ISCI 104", "credits": 0, "grade": "CR"}}, {"model": "users.usercourse", "pk": 236, "fields": {"user": 1, "code": "MATH OOO", "credits": 0, "grade": "CR"}}, {"model": "users.usercourse", "pk": 237, "fields": {"user": 1, "code": "MATH 236", "credits": 0, "grade": "CR"}}, {"model": "users.usercourse", "pk": 238, "fields": {"user": 1, "code": "MATH 235", "credits": 0, "grade": "CR"}}, {"model": "users.usercourse", "pk": 239, "fields": {"user": 1, "code": "MATH 135", "credits": 0, "grade": "CR"}}, {"model": "users.usercourse", "pk": 240, "fields": {"user": 1, "code": "POSC OOO", "credits": 0, "grade": "CR"}}, {"model": "users.usercourse", "pk": 241, "fields": {"user": 1, "code": "POSC 225", "credits": 0, "grade": "CR"}}, {"model": "users.usercourse", "pk": 242, "fields": {"user": 1, "code": "UNST OOO", "credits": 0, "grade": "CR"}}, {"model": "users.usercourse", "pk": 243, "fields": {"user": 1, "code": "UNST 475", "credits": 0, "grade": "CR"}}, {"model": "users.usercourse", "pk": 244, "fields": {"user": 1, "code": "UNST 190", "credits": 0, "grade": "CR"}}, {"model": "users.usercourse", "pk": 245, "fields": {"user": 1, "code": "WRTC OOO", "credits": 0, "grade": "CR"}}, {"model": "users.usercourse", "pk": 246, "fields": {"user": 1, "code": "WRTC 103", "credits": 0, "grade": "CR"}}, {"model": "users.usercourse", "pk": 247, "fields": {"user": 1, "code": "MATH 237", "credits": 4, "grade": "B+"}}, {"model": "users.usercourse", "pk": 248, "fields": {"user": 1, "code": "MATH 238", "credits": 4, "grade": "B-"}}, {"model": "users.usercourse", "pk": 249, "fields": {"user": 1, "code": "PHYS 105", "credits": 1, "grade": "A-"}}, {"model": "users.usercourse", "pk": 250, "fields": {"user": 1, "code": "PHYS 240", "credits": 3, "grade": "B"}}, {"model": "users.usercourse", "pk": 251, "fields": {"user": 1, "code": "PHYS 240", "credits": 1, "grade": "A"}}, {"model": "users.usercourse", "pk": 252, "fields": {"user": 1, "code": "CS 149", "credits": 3, "grade": "A"}}, {"model": "users.usercourse", "pk": 253, "fields": {"user": 1, "code": "MATH 229", "credits": 3, "grade": "B"}}, {"model": "users.usercourse", "pk": 254, "fields": {"user": 1, "code": "MATH 248", "credits": 4, "grade": "B"}}, {"model": "users.usercourse", "pk": 255, "fields": {"user": 1, "code": "PHYS 250", "credits": 3, "grade": "B-"}}, {"model": "users.usercourse", "pk": 256, "fields": {"user": 1, "code": "PHYS 250", "credits": 1, "grade": "A"}}, {"model": "users.usercourse", "pk": 257, "fields": {"user": 1, "code": "ASTR 121", "credits": 3, "grade": "A-"}}, {"model": "users.usercourse", "pk": 258, "fields": {"user": 1, "code": "CS 159", "credits": 3, "grade": "B"}}, {"model": "users.usercourse", "pk": 259, "fields": {"user": 1, "code": "CS 227", "credits": 3, "grade": "A"}}, {"model": "users.usercourse", "pk": 260, "fields": {"user": 1, "code": "PHYS 270", "credits": 3, "grade": "B"}}, {"model": "users.usercourse", "pk": 261, "fields": {"user": 1, "code": "PHYS 270", "credits": 1, "grade": "A"}}, {"model": "users.usercourse", "pk": 262, "fields": {"user": 1, "code": "PSYC 100", "credits": 1, "grade": "A"}}, {"model": "users.usercourse", "pk": 263, "fields": {"user": 1, "code": "CS 240", "credits": 3, "grade": "C"}}, {"model": "users.usercourse", "pk": 264, "fields": {"user": 1, "code": "CS 345", "credits": 3, "grade": "C+"}}, {"model": "users.usercourse", "pk": 265, "fields": {"user": 1, "code": "PHIL 101", "credits": 3, "grade": "A"}}, {"model": "users.usercourse", "pk": 266, "fields": {"user": 1, "code": "PHYS 247", "credits": 1, "grade": "A"}}, {"model": "users.usercourse", "pk": 267, "fields": {"user": 1, "code": "PHYS 260", "credits": 3, "grade": "C"}}, {"model": "users.usercourse", "pk": 268, "fields": {"user": 1, "code": "PHYS 350", "credits": 3, "grade": "C-"}}, {"model": "users.usercourse", "pk": 269, "fields": {"user": 1, "code": "CS 261", "credits": 3, "grade": "D+"}}, {"model": "users.usercourse", "pk": 270, "fields": {"user": 1, "code": "CS 327", "credits": 3, "grade": "B"}}, {"model": "users.usercourse", "pk": 271, "fields": {"user": 1, "code": "PHIL 396", "credits": 3, "grade": "A"}}, {"model": "users.usercourse", "pk": 272, "fields": {"user": 1, "code": "PHYS 340", "credits": 3, "grade": "B-"}}, {"model": "users.usercourse", "pk": 273, "fields": {"user": 1, "code": "PHYS 371", "credits": 2, "grade": "B"}}, {"model": "users.usercourse", "pk": 274, "fields": {"user": 1, "code": "PHYS 372", "credits": 2, "grade": "A-"}}, {"model": "users.usercourse", "pk": 275, "fields": {"user": 1, "code": "PHYS 391", "credits": 0, "grade": "A"}}, {"model": "users.usercourse", "pk": 276, "fields": {"user": 1, "code": "CS 261", "credits": 3, "grade": null}}, {"model": "users.usercourse", "pk": 277, "fields": {"user": 1, "code": "CS 445", "credits": 3, "grade": null}}, {"model": "users.usercourse", "pk": 278, "fields": {"user": 1, "code": "PHIL 326", "credits": 3, "grade": null}}, {"model": "users.usercourse", "pk": 279, "fields": {"user": 1, "code": "PHYS 346", "credits": 1, "grade": null}}, {"model": "users.usercourse", "pk": 280, "fields": {"user": 1, "code": "PHYS 360", "credits": 4, "grade": null}}, {"model": "users.usercourse", "pk": 281, "fields": {"user": 1, "code": "PHYS 392", "credits": 1, "grade": null}}, {"model": "users.usercourse", "pk": 282, "fields": {"user": 1, "code": "PHIL 250", "credits": 3, "grade": null}}, {"model": "users.usercourse", "pk": 283, "fields": {"user": 1, "code": "CS 343", "credits": 3, "grade": null}}, {"model": "users.usercourse", "pk": 284, "fields": {"user": 1, "code": "CS 361", "credits": 3, "grade": null}}, {"model": "users.usercourse", "pk": 285, "fields": {"user": 1, "code": "CS 430", "credits": 3, "grade": null}}, {"model": "users.usercourse", "pk": 286, "fields": {"user": 1, "code": "LAT 101", "credits": 4, "grade": null}}, {"model": "users.usercourse", "pk": 287, "fields": {"user": 1, "code": "PHIL 397", "credits": 3, "grade": null}}, {"model": "users.usercourse", "pk": 288, "fields": {"user": 1, "code": "PHYS 491", "credits": 0, "grade": null}}, {"model": "users.courseterm", "pk": 1, "fields": {"name": "FALL"}}, {"model": "users.courseterm", "pk": 2, "fields": {"name": "SPRING"}}, {"model": "users.courseterm", "pk": 3, "fields": {"name": "SUMMER"}}, {"model": "users.courseterm", "pk": 4, "fields": {"name": "WINTER"}}, {"model": "users.requirement", "pk": 7, "fields": {}}, {"model": "users.requirement", "pk": 8, "fields": {}}, {"model": "users.requirement", "pk": 9, "fields": {}}, {"model": "users.requirement", "pk": 10, "fields": {}}, {"model": "users.requirement", "pk": 11, "fields": {}}, {"model": "users.requirement", "pk": 12, "fields": {}}, {"model": "users.requirement", "pk": 13, "fields": {}}, {"model": "users.requirement", "pk": 14, "fields": {}}, {"model": "users.requirement", "pk": 15, "fields": {}}, {"model": "users.requirement", "pk": 16, "fields": {}}, {"model": "users.requirement", "pk": 17, "fields": {}}, {"model": "users.requirement", "pk": 18, "fields": {}}, {"model": "users.requirement", "pk": 19, "fields": {}}, {"model": "users.requirement", "pk": 20, "fields": {}}, {"model": "users.requirement", "pk": 21, "fields": {}}, {"model": "users.requirement", "pk": 22, "fields": {}}, {"model": "users.requirement", "pk": 23, "fields": {}}, {"model": "users.requirement", "pk": 24, "fields": {}}, {"model": "users.requirement", "pk": 25, "fields": {}}, {"model": "users.requirement", "pk": 26, "fields": {}}, {"model": "users.requirement", "pk": 27, "fields": {}}, {"model": "users.requirement", "pk": 28, "fields": {}}, {"model": "users.requirement", "pk": 29, "fields": {}}, {"model": "users.requirement", "pk": 30, "fields": {}}, {"model": "users.requirement", "pk": 31, "fields": {}}, {"model": "users.requirement", "pk": 32, "fields": {}}, {"model": "users.requirement", "pk": 33, "fields": {}}, {"model": "users.requirement", "pk": 34, "fields": {}}, {"model": "users.requirement", "pk": 35, "fields": {}}, {"model": "users.requirement", "pk": 36, "fields": {}}, {"model": "users.requirement", "pk": 37, "fields": {}}, {"model": "users.requirement", "pk": 38, "fields": {}}, {"model": "users.requirement", "pk": 39, "fields": {}}, {"model": "users.requirement", "pk": 40, "fields": {}}, {"model": "users.requirement", "pk": 41, "fields": {}}, {"model": "users.requirement", "pk": 42, "fields": {}}, {"model": "users.requirement", "pk": 43, "fields": {}}, {"model": "users.requirement", "pk": 44, "fields": {}}, {"model": "users.requirement", "pk": 45, "fields": {}}, {"model": "users.requirement", "pk": 46, "fields": {}}, {"model": "users.requirement", "pk": 47, "fields": {}}, {"model": "users.requirement", "pk": 48, "fields": {}}, {"model": "users.requirement", "pk": 49, "fields": {}}, {"model": "users.requirement", "pk": 50, "fields": {}}, {"model": "users.course", "pk": 8, "fields": {"code": "CS 149", "credits": 3, "name": "Introduction to Programming", "description": "Fundamental problem-solving techniques using a modern programming language. Topics include variables, input/output, decisions, loops, functions, arrays, and objects. Students learn about algorithm development, testing strategies, and software tools. Students may not receive credit for both CS 139 and CS 149. You may only enroll in CS 149 at most twice. Prerequisite(s): MATH 155, MATH 156 or sufficient score on the Mathematics Placement Exam.", "offered": [1, 2], "prerequisites": [], "corequisites": []}}, {"model": "users.course", "pk": 9, "fields": {"code": "CS 159", "credits": 3, "name": "Advanced Programming", "description": "Students use advanced problem-solving strategies to develop algorithms using classes and objects and techniques such as recursion, exceptions and file I/O. This course also focuses on designing small applications and effective testing strategies. Students may not receive credit for both CS 159 and CS 239. You may only enroll in CS 159 at most twice. Prerequisite(s): A grade of “B-” or better in CS 149 or equivalent.", "offered": [1, 2], "prerequisites": [8], "corequisites": []}}, {"model": "users.course", "pk": 10, "fields": {"code": "CS 227", "credits": 3, "name": "Discrete Structures I", "description": "An introduction to discrete mathematical structures including functions, relations, sets, logic, matrices, elementary number theory, proof techniques, basics of counting, graphic theory, discrete probability, digital logic, finite state machines, integer and floating point representations. Prerequisite(s): CS 159. Corequisite(s): CS 159.", "offered": [1, 2], "prerequisites": [9], "corequisites": [9]}}, {"model": "users.course", "pk": 11, "fields": {"code": "CS 240", "credits": 3, "name": "Algorithms and Data Structures", "description": "Students learn how to implement stacks, queues, lists, sets and maps using arrays, linked lists, binary trees, heaps, binary search trees, balanced trees and hashing. Students study graph representations and algorithms. Students analyze recursive and non-recursive algorithms, illustrated by various searching and sorting algorithms. Additional topics may be included as time permits. You may only enroll in CS 240 at most twice. Prerequisite(s): Fully admitted Computer Science majors or minors only and grades of “C-” or better in CS 159, CS 227 /MATH 227 or MATH 245, and MATH 231 or equivalent.", "offered": [1, 2], "prerequisites": [9, 10], "corequisites": []}}, {"model": "users.course", "pk": 12, "fields": {"code": "CS 261", "credits": 3, "name": "Computer Systems I", "description": "This course provides an introduction to the operation of modern interrupt-driven computer systems. Explores the representation of software and information in binary memory, the primary components of a CPU, systems programming and basic interactions with an Operating System. You may only enroll in CS 261 at most twice. Prerequisite(s): Fully admitted Computer Science majors or minors only and minimum grade of “C-” in either CS 227/MATH 227 or MATH 245, and in CS 159.", "offered": [1, 2], "prerequisites": [9, 10], "corequisites": []}}, {"model": "users.course", "pk": 13, "fields": {"code": "CS 327", "credits": 3, "name": "Discrete Structures II", "description": "This course builds on the theoretical foundation developed in Discrete Structures I. Students study a range of topics from discrete mathematics and theoretical computer science including elementary number theory, matrices, graph theory, automata, computability and complexity theory. Prerequisite(s): Fully admitted Computer Science majors or minors only and grade of “C-” or better in CS 227 /MATH 227 or MATH 245, and CS 240.", "offered": [1, 2], "prerequisites": [10, 11], "corequisites": []}}, {"model": "users.course", "pk": 14, "fields": {"code": "CS 345", "credits": 3, "name": "Software Engineering", "description": "Study of modern methods and tools for the development of software products. Topics include software development process models, software development tools, design and construction principles and practice, software quality assurance and program management. Prerequisite(s): Fully admitted Computer Science majors or minors only and a grade of “C-” or better in CS 159.", "offered": [1, 2], "prerequisites": [9], "corequisites": []}}, {"model": "users.course", "pk": 15, "fields": {"code": "CS 361", "credits": 3, "name": "Computer Systems II", "description": "Intermediate exploration of modern interrupt-driven computer systems. Explores models of computation and complex systems, techniques for communication and synchronization of parallel and concurrent software, and the protocols that make up the Internet. Prerequisite(s): Fully admitted Computer Science majors or minors only and grades of “C-” or better in CS 240 and CS 261.", "offered": [1, 2], "prerequisites": [11, 12], "corequisites": []}}, {"model": "users.course", "pk": 16, "fields": {"code": "CS 430", "credits": 3, "name": "Programming Languages", "description": "Several actual programming languages are studied in terms of the fundamental principles of computer programming language design, including object-oriented programming, functional programming, concurrent programming and logic programming. Prerequisite(s): Fully admitted Computer Science majors or minors only and grades of “C-” or better in CS 240 and CS 261.", "offered": [1, 2], "prerequisites": [11, 12], "corequisites": []}}, {"model": "users.course", "pk": 17, "fields": {"code": "MATH 235", "credits": 4, "name": "Calculus I", "description": "Differential and integral calculus of functions of one variable. Sequences and infinite series. MATH 235 may be used for general education credit. MATH 235 is not open to students who have already earned credit in MATH 232 or MATH 234. Prerequisite(s): Sufficient score on the Mathematics Placement Exam.", "offered": [1, 2], "prerequisites": [], "corequisites": []}}, {"model": "users.course", "pk": 18, "fields": {"code": "MATH 231", "credits": 3, "name": "Calculus with Functions I", "description": "MATH 231 and MATH 232 form a sequence that combines first-semester calculus with algebra and trigonometry. The sequence is designed for students whose pre-calculus skills are not strong enough for MATH 235. Calculus material in MATH 231 includes limits and derivatives of algebraic functions and their applications. May be used for general education credit. Not open to students who have already earned credit in MATH 234 or MATH 235. Prerequisite(s): MATH 155, MATH 156 or sufficient score on the Mathematics Placement Exam. MATH 231-MATH 232 together are equivalent to MATH 235 for all prerequisites.", "offered": [1, 2], "prerequisites": [], "corequisites": []}}, {"model": "users.course", "pk": 19, "fields": {"code": "MATH 232", "credits": 3, "name": "Calculus with Functions II", "description": "A continuation of MATH 231. Calculus topics include limits and derivatives of transcendental functions, the theory of integration and basic integration techniques. NOTE: MATH 231-232 together are equivalent to MATH 235 for all prerequisites. Not open to students who have already earned credit in MATH 234 or MATH 235. Prerequisite(s): MATH 231 with a grade of “C-” or better.", "offered": [1, 2], "prerequisites": [18], "corequisites": []}}, {"model": "users.course", "pk": 20, "fields": {"code": "MATH 220", "credits": 3, "name": "Elementary Statistics", "description": "Descriptive statistics, frequency distributions, sampling, estimation and testing of hypotheses, regression, correlation and an introduction to statistical analysis using computers. May be used for general education credit. Prerequisite(s):  MATH 105 with a grade of “C-” or better or sufficient score on the Mathematics Placement Exam.", "offered": [1, 2], "prerequisites": [], "corequisites": []}}, {"model": "users.course", "pk": 21, "fields": {"code": "MATH 229", "credits": 3, "name": "Introduction to Applied Statistics Using", "description": "An introduction to applied statistics that is more in-depth than MATH 220 and is encouraged for students majoring or minoring in STEM fields. Descriptive statistics, data collection, frequency distributions, sampling distributions and the Central Limit Theorem, estimation, confidence intervals, testing of hypotheses, simple linear regression, correlation, and chi-square test of independence are covered. Emphasis is on the analysis and interpretation of real data in context. Uses the R programming language. \r\n\r\n Prerequisite(s): Sufficient statistics and calculus placement scores. The calculus placement score requirement may be waived for students with “C-” or better in MATH 231. \r\n\r\nNot open to students with credit in MATH 220, MATH 220H, MATH 318, MATH 329 or equivalent.", "offered": [1, 2], "prerequisites": [], "corequisites": []}}, {"model": "users.course", "pk": 22, "fields": {"code": "MATH 236", "credits": 4, "name": "Calculus II", "description": "Differential and integral calculus of functions of one variable. Sequences and infinite series. Prerequisite(s): MATH 232 or MATH 234 or MATH 235 with a grade of “C-” or better.", "offered": [1, 2], "prerequisites": [17], "corequisites": []}}, {"model": "users.course", "pk": 23, "fields": {"code": "MATH 318", "credits": 4, "name": "Introduction to Probability and Statisti", "description": "This class covers descriptive statistics, counting, probability axioms, discrete and continuous univariate random variables, expected values of random variables and sums of independent random variables, and sampling distributions. It also covers the Central Limit Theorem, single and two sample inference for proportions and means, chi-square test of independence, simple linear regression and correlation. Not open to students with credit in MATH 229 or MATH 329. Prerequisite(s): MATH 236 .", "offered": [1, 2], "prerequisites": [22], "corequisites": []}}, {"model": "users.course", "pk": 24, "fields": {"code": "CS 412", "credits": 3, "name": "Applied Algorithms", "description": "A practical study of algorithms and their use in problem solving. Algorithms are selected from categories including divide-and-conquer, greedy, backtracking, network flow and dynamic programming. The classes P and NP are introduced and intractable problems discussed. This is a programming intensive course. Prerequisite(s): Fully admitted Computer Science majors or minors only and a grade of “C-” or better in CS 327 and either MATH 220 or MATH 229 or MATH 318. Students may not receive credit for both CS 412 and CS 452.", "offered": [1, 2], "prerequisites": [13, 20], "corequisites": []}}, {"model": "users.course", "pk": 25, "fields": {"code": "CS 452", "credits": 3, "name": "Design and Analysis of Algorithms", "description": "An introduction to algorithm design techniques and the mathematical analysis of algorithms. Techniques covered include divide-and-conquer, greedy, backtracking, network flow and dynamic programming. The classes P and NP are introduced and intractable problems are discussed. This is a proof-intensive course.  Prerequisite(s): A grade of “C-” or better in CS 327 and either MATH 220 or MATH 229 or MATH 318. Students may not receive credit for both CS 412 and CS 452.", "offered": [1, 2], "prerequisites": [13, 20], "corequisites": []}}, {"model": "users.course", "pk": 26, "fields": {"code": "CS 432", "credits": 3, "name": "Compilers", "description": "Introduction to the theory and implementation of compilers. Explores the lexical, syntactic, and semantic analysis of high-level language code as well as code generation, optimization techniques, and architectural or operating system considerations. Course work includes a significant programming component. Prerequisite(s): Fully admitted Computer Science majors or minors only and grades of “C-” or better in CS 327 and CS 361.", "offered": [1, 2], "prerequisites": [13, 15], "corequisites": []}}, {"model": "users.course", "pk": 27, "fields": {"code": "CS 450", "credits": 3, "name": "Operating Systems", "description": "Introduction to the design and implementation of modern operating systems. Explores fundamental concepts of operating systems, memory management, virtualization, resource allocation, file systems and system protection mechanisms. Course work includes a significant programming component. Prerequisite(s): Fully admitted Computer Science majors or minors only and a grade of “C-” or better in CS 361.", "offered": [1, 2], "prerequisites": [15], "corequisites": []}}, {"model": "users.course", "pk": 28, "fields": {"code": "CS 455", "credits": 3, "name": "Advanced Computer Networking", "description": "An in depth analysis of networking protocols and tools to capture, analyze and synthesize network traffic. Includes significant programming projects that simulate the operation of network protocols. Introduces the design principles and implementation of client-server network applications. Prerequisite(s): Fully admitted computer science majors or minors only with a grade of “C-” or better in CS 361.", "offered": [1, 2], "prerequisites": [15], "corequisites": []}}, {"model": "users.course", "pk": 29, "fields": {"code": "CS 456", "credits": 3, "name": "Computer Architecture", "description": "Introduction to the design and implementation of modern CPU architectures. Explores hardware-based parallel execution, quantitative performance evaluation, I/O interfacing techniques and hardware descriptor languages. Course work includes a significant programming component. Prerequisite(s): Fully admitted Computer Science majors or minors only and a grade of “C-” or better in CS 361.", "offered": [1, 2], "prerequisites": [15], "corequisites": []}}, {"model": "users.course", "pk": 30, "fields": {"code": "CS 470", "credits": 3, "name": "Parallel and Distributed Systems", "description": "Introduction to parallel and distributed systems. Explores shared memory, cluster, grid, peer-to-peer, and cloud computing models along with parallel software patterns, distributed file systems and performance considerations. Course work includes a significant programming component. Prerequisite(s): Fully admitted Computer Science majors or minors only and a grade of “C-” or better in CS 361.", "offered": [1, 2], "prerequisites": [15], "corequisites": []}}, {"model": "users.course", "pk": 31, "fields": {"code": "CS 343", "credits": 3, "name": "Application Development", "description": "Overview of application software development fundamentals and their use in building stand-alone applications, visualizing and interacting with complex data representations, and controlling the Internet of Things. This course provides an introduction to the technologies used to create modern user interfaces (e.g., web technologies), establishing a common foundation for later application-focused courses. Prerequisite(s): Fully admitted Computer Science majors or minors only and a grade of “C-” or better in CS 159.", "offered": [1, 2], "prerequisites": [9], "corequisites": []}}, {"model": "users.course", "pk": 32, "fields": {"code": "CS 347", "credits": 3, "name": "Web Development", "description": "This course covers design and development of World Wide Web applications. Students examine protocols, architectures, development languages and facilities, and issues such as accessibility, usability, security and reliability. Students work with a suite of development tools and languages to construct a client or server application that includes a GUI and a database. Prerequisite(s): Grade of “C-” or better in CS 343. Fully admitted computer science majors or minors only.", "offered": [1, 2], "prerequisites": [31], "corequisites": []}}, {"model": "users.course", "pk": 33, "fields": {"code": "CS 447", "credits": 3, "name": "Interaction Design", "description": "Study of and practice with processes, principles, tools, models and techniques for designing interactions between humans and digital products and systems. Topics include physiological and psychological factors affecting interaction design, interaction design processes, interaction models, styles and paradigms, design notations and representations, prototyping, and interaction design evaluation. Prerequisite(s): Fully admitted Computer Science majors or minors and a grade of “C-” or better in CS 343.", "offered": [1, 2], "prerequisites": [31], "corequisites": []}}, {"model": "users.course", "pk": 34, "fields": {"code": "CS 374", "credits": 3, "name": "Database Systems", "description": "An introduction to database design and management with emphasis on data definition, data manipulation and query languages found in modern database management systems. Prerequisite(s): Fully admitted Computer Science majors or minors only and a grade of “C-” or better in either CS 240 or CS 343 or equivalent.", "offered": [1, 2], "prerequisites": [31], "corequisites": []}}, {"model": "users.course", "pk": 35, "fields": {"code": "CS 444", "credits": 3, "name": "Artificial Intelligence", "description": "Students will study the history, premises, goals, social impact and philosophical implications of artificial intelligence. Students will study heuristic algorithms for large state spaces and learn to develop recursive and non-deterministic algorithms.  Prerequisite(s): Fully admitted Computer Science majors or minors only and a grade of “C-” or better in CS 240 and MATH 220, MATH 229 or MATH 318.", "offered": [1, 2], "prerequisites": [11, 20], "corequisites": []}}, {"model": "users.course", "pk": 36, "fields": {"code": "CS 445", "credits": 3, "name": "Machine Learning", "description": "An introduction to the field of machine learning. Explores key problems and algorithms in machine learning from both a theoretical and an applied perspective. Specific topics include supervised and unsupervised learning, anomaly detection, text mining and experimental design. Students who have completed BSAN 393, ISAT 341 and MATH 358 may also take this course. Prerequisite(s): Fully admitted Computer Science majors or minors only and a grade of “C-” or better in CS 327 and one of the following: MATH 318, MATH 220 or MATH 229.", "offered": [1, 2], "prerequisites": [13, 20], "corequisites": []}}, {"model": "users.course", "pk": 37, "fields": {"code": "CS 354", "credits": 3, "name": "Introduction to Autonomous Robotics", "description": "A hands-on introduction to programming autonomous mobile robots. The focus of this course is on designing robotic systems that navigate independently in complex environments. Specific topics include localization, mapping, kinematics, path planning and computer vision.  Prerequisite(s): Fully admitted Computer Science majors or minors only and a grade of “C-” or better in CS 240 and either MATH 220 or MATH 229 or MATH 318.", "offered": [1, 2], "prerequisites": [11, 20], "corequisites": []}}, {"model": "users.course", "pk": 38, "fields": {"code": "CS 457", "credits": 3, "name": "Information Security", "description": "This course covers the basic issues of information system security. The roles of planning, management, policies, procedures and personnel in protecting the confidentiality, integrity and availability of information are described. Specific threats (malicious code, network attacks and hostile content) and widely used countermeasures (access control, mechanisms, firewalls and intrusion detection systems) are also discussed. Prerequisite(s): Fully admitted Computer Science majors or minors only. CS 361 and a grade of “C-” or better in either MATH 220 or MATH 229 or MATH 318. Corequisite(s): CS 361.", "offered": [1, 2], "prerequisites": [15, 20], "corequisites": [15]}}, {"model": "users.course", "pk": 39, "fields": {"code": "CS 458", "credits": 3, "name": "Cyber Defense", "description": "A hands-on, lab-based learning experience in which the students engage in a series of mini projects to perform security assessment, penetration testing and hardening of networked systems. Students also participate in a cyber defense exercise. Prerequisite(s): Fully admitted Computer Science majors or minors only and grades of “C-” or better in CS 457 and CS 361.", "offered": [1, 2], "prerequisites": [15, 33], "corequisites": []}}, {"model": "users.course", "pk": 46, "fields": {"code": "PHIL 250", "credits": 3, "name": "Introduction to Symbolic Logic", "description": "An introduction to the languages and techniques of propositional logic and first-order quantification theory.", "offered": [1, 2], "prerequisites": [], "corequisites": []}}, {"model": "users.course", "pk": 47, "fields": {"code": "PHIL 310", "credits": 3, "name": "Symbolic Logic", "description": "The study and application of the principles and techniques of modern deductive logic to natural language. Also, examination of the properties of formal systems and of the logical implications and paradoxes of language. Prerequisite(s): PHIL 250 or instructor consent.", "offered": [1, 2], "prerequisites": [46], "corequisites": []}}, {"model": "users.course", "pk": 48, "fields": {"code": "PHIL 326", "credits": 3, "name": "Introduction to Non-Standard Logics", "description": "This course will examine some non­standard logics and some of the philosophical issues they raise. Topics may include modal logic, intuitionistic logic, temporal logic or many valued logics.", "offered": [1, 2], "prerequisites": [], "corequisites": []}}, {"model": "users.course", "pk": 49, "fields": {"code": "PHIL 396", "credits": 3, "name": "Philosophy of Physics", "description": "This course examines the philosophical foundations of physics. Some of the philosophical issues explored in the course may include how various theories in physics impact metaphysics, ontology and/or epistemology. Topics may include the nature of space and time, special relativity, general relativity, quantum theory, classical mechanics, thermodynamics, and/or cosmology.", "offered": [1, 2], "prerequisites": [], "corequisites": []}}, {"model": "users.coursegroup", "pk": 7, "fields": {"minimum_credits": 6, "requirements": []}}, {"model": "users.coursegroup", "pk": 40, "fields": {"minimum_credits": 6, "requirements": [18, 19]}}, {"model": "users.coursegroup", "pk": 41, "fields": {"minimum_credits": 4, "requirements": [17, 40]}}, {"model": "users.coursegroup", "pk": 42, "fields": {"minimum_credits": 3, "requirements": [20, 21, 23]}}, {"model": "users.coursegroup", "pk": 43, "fields": {"minimum_credits": 3, "requirements": [24, 25]}}, {"model": "users.coursegroup", "pk": 44, "fields": {"minimum_credits": 3, "requirements": [26, 27, 28, 29, 30]}}, {"model": "users.coursegroup", "pk": 45, "fields": {"minimum_credits": 9, "requirements": [31, 32, 33, 34, 35, 36, 37, 38, 39]}}, {"model": "users.coursegroup", "pk": 50, "fields": {"minimum_credits": 6, "requirements": [35, 48, 49]}}, {"model": "users.curriculum", "pk": 3, "fields": {"name": "Computer Science", "program_type": "MAJ", "requirements": [8, 9, 10, 11, 12, 13, 14, 15, 16, 41, 42, 43, 44, 45]}}, {"model": "users.curriculum", "pk": 4, "fields": {"name": "Cybersecurity", "program_type": "CERT", "requirements": [38, 39]}}, {"model": "users.curriculum", "pk": 5, "fields": {"name": "LORE", "program_type": "MIN", "requirements": [10, 13, 46, 47, 50]}}, {"model": "users.curriculum", "pk": 6, "fields": {"name": "Web Development", "program_type": "TRCK", "requirements": [31, 32, 34]}}]